Date,Bracket,Set,Player,Character 1,Groove 1,Character 2,Groove 2,Character 3,Groove 3,Wins,Matches
5/21/2025,20,1,Pnuema,Kyanta,EX,Myusha,EX,Masako,Stamina,3,3
5/21/2025,20,1,Timestop,Anna,EX,Myusha,EX,Dr. K,EX,0,3
5/21/2025,20,2.1,Valentine,Natanee,Demon,Myusha,Speed,Jakor,Stamina,2,4
5/21/2025,20,2.1,Parappa,Garasha,Stamina,Michelle,EX,Natanee,Stamina,2,4
5/21/2025,20,2.2,Valentine,Natanee,Stamina,Jakor,Stamina,Myusha,EX,1,1
5/21/2025,20,2.2,Parappa,Garasha,Stamina,Michelle,EX,Natanee,Stamina,0,1
5/21/2025,20,3,Squid,Robo Azuma,Stamina,Garasha,Stamina,Michelle,Stamina,0,3
5/21/2025,20,3,Dcint,Masao,Stamina,K. Kyanta,Stamina,Michelle,Stamina,3,3
5/21/2025,20,4,Pnuema,Kyanta,EX,Myusha,Stamina,Dr. K,EX,1,4
5/21/2025,20,4,Jawn,Nanatsu,Stamina,Robo Azuma,EX,Natanee,Stamina,3,4
5/21/2025,20,5,Valentine,Natanee,Demon,Myusha,EX,Jakor,Stamina,1,4
5/21/2025,20,5,Cosmic,Azuma,EX,M. Michelle,EX,Garasha,Stamina,3,4
5/21/2025,20,6.1,Poke,Chihiro,Stamina,Garasha,EX,Jakor,EX,2,2
5/21/2025,20,6.1,Tension,Rogue,Demon,Masao,Stamina,Cocorn,Parry,0,2
5/21/2025,20,6.2,Poke,Chihiro,Stamina,Garasha,EX,Jakor,EX,1,1
5/21/2025,20,6.2,Tension,Zacky Wild,Stamina,Rogue,Demon,Blues,Stamina,0,1
5/21/2025,20,7,Tension,Masao,Stamina,Rogue,Demon,Hatoyan,Demon,3,4
5/21/2025,20,7,Timestop,Anna,EX,Myusha,EX,Dr. K,EX,1,4
5/21/2025,20,8,Squid,Robo Azuma,Stamina,Garasha,Stamina,Michelle,Stamina,0,3
5/21/2025,20,8,Parappa,Michelle,Stamina,Garasha,Stamina,Natanee,Demon,3,3
5/21/2025,20,9,Dcint,Masao,Stamina,K. Kyanta,Stamina,Michelle,Stamina,3,5
5/21/2025,20,9,Jawn,Nanatsu,Stamina,Robo Azuma,EX,Natanee,Stamina,2,5
5/21/2025,20,10.1,Cosmic,M. Michelle,EX,Azuma,EX,Garasha,Stamina,2,3
5/21/2025,20,10.1,Poke,Kyanta,Stamina,Garasha,Stamina,Jakor,EX,1,3
5/21/2025,20,10.2,Cosmic,M. Michelle,EX,Azuma,EX,Garasha,Stamina,1,1
5/21/2025,20,10.2,Poke,Kyanta,Stamina,Garasha,EX,Jakor,Stamina,0,1
5/21/2025,20,11.1,Tension,Masao,Stamina,Rogue,Demon,Hatoyan,Demon,1,3
5/21/2025,20,11.1,Valentine,Natanee,Demon,Myusha,Stamina,Masako,Stamina,2,3
5/21/2025,20,11.2,Valentine,Natanee,Demon,Myusha,Stamina,Masako,Stamina,0,1
5/21/2025,20,11.2,Tension,Cocorn,Stamina,Rogue,Demon,Buttobi,Stamina,1,1
5/21/2025,20,11.3,Valentine,Jakor,Stamina,Natanee,Demon,Myusha,EX,1,1
5/21/2025,20,11.3,Tension,Cocorn,Stamina,Rogue,Demon,Buttobi,Stamina,0,1
5/21/2025,20,12,Parappa,Garasha,Stamina,Michelle,Stamina,Natanee,Demon,3,4
5/21/2025,20,12,Pnuema,Kyanta,EX,Myusha,Stamina,Dr. K,EX,1,4
5/21/2025,20,13,Jawn,Nanatsu,Stamina,Robo Azuma,EX,Natanee,Stamina,3,3
5/21/2025,20,13,Valentine,Jakor,Stamina,Myusha,EX,Natanee,Demon,0,3
5/21/2025,20,14,Poke,Chihiro,Stamina,Garasha,EX,Jakor,EX,3,3
5/21/2025,20,14,Parappa,Garasha,Stamina,Michelle,Stamina,Natanee,Demon,0,3
5/21/2025,20,15,Jawn,Nanatsu,Stamina,Robo Azuma,EX,Rare,EX,3,4
5/21/2025,20,15,Poke,Kyanta,Stamina,Garasha,EX,Jakor,Stamina,1,4
5/21/2025,20,16,Cosmic,M. Michelle,EX,Azuma,EX,Garasha,Stamina,3,5
5/21/2025,20,16,Dcint,Masao,Stamina,K. Kyanta,Stamina,Michelle,Stamina,2,5
5/21/2025,20,17,Jawn,Nanatsu,Stamina,Robo Azuma,EX,Rare,EX,1,4
5/21/2025,20,17,Dcint,Masao,Stamina,K. Kyanta,Stamina,Michelle,Stamina,3,4
5/21/2025,20,18.1,Cosmic,M. Michelle,EX,Garasha,EX,Spike,Parry,0,1
5/21/2025,20,18.1,Dcint,Masao,Stamina,K. Kyanta,Stamina,Michelle,Stamina,1,1
5/21/2025,20,18.2,Cosmic,M. Michelle,EX,Garasha,EX,Spike,Parry,0,2
5/21/2025,20,18.2,Dcint,Masao,Stamina,K. Kyanta,Stamina,Michelle,Stamina,2,2
5/21/2025,20,19,Cosmic,Hatoyan,Super,Garasha,Stamina,Dr. K,EX,3,4
5/21/2025,20,19,Dcint,Masao,Stamina,K. Kyanta,Stamina,Michelle,Stamina,1,4
5/28/2025,x,1,Jawn,Nanatsu,Stamina,Robo Azuma,Stamina,Taro,Demon,5,6
5/28/2025,x,1,Parappa,Blues,Speed,Robo Azuma,Stamina,Jakor,Stamina,1,6
5/28/2025,x,2,Jawn,Nanatsu,Stamina,Robo Azuma,Stamina,Taro,Demon,4,6
5/28/2025,x,2,Parappa,Garasha,EX,Robo Azuma,Stamina,Jakor,Stamina,2,6
5/28/2025,x,3,Jawn,Nanatsu,Stamina,Robo Azuma,EX,Zacky Wild,EX,2,3
5/28/2025,x,3,Parappa,Natanee,Speed,Zacky Wild,EX,Robo Azuma,Stamina,1,3
5/28/2025,x,4,Jawn,Rare,Demon,Natanee,Demon,Taro,Stamina,0,2
5/28/2025,x,4,Parappa,Garasha,Speed,Zacky Wild,EX,Robo Azuma,Stamina,2,2
5/28/2025,x,5,Jawn,Natanee,Stamina,Natanee,EX,Masako,Stamina,20,28
5/28/2025,x,5,Parappa,Garasha,Speed,Zacky Wild,EX,Robo Azuma,Stamina,8,28
6/4/2025,x,1,Jawn,Masako,Stamina,Japan Kamen,Stamina,Natanee,Stamina,0,2
6/4/2025,x,1,Parappa,Garasha,Super,Zacky Wild,EX,K. Kyanta,Stamina,2,2
6/4/2025,x,2,Jawn,Dr. K,EX,Japan Kamen,Stamina,Natanee,Stamina,2,5
6/4/2025,x,2,Parappa,Garasha,Super,Zacky Wild,EX,K. Kyanta,Stamina,3,5
6/4/2025,x,3,Jawn,Dr. K,Stamina,Japan Kamen,EX,Natanee,Stamina,11,17
6/4/2025,x,3,Parappa,Garasha,Stamina,Zacky Wild,EX,K. Kyanta,Stamina,6,17
6/4/2025,x,4,Jawn,Dr. K,Stamina,Japan Kamen,EX,Natanee,Stamina,6,17
6/4/2025,x,4,Parappa,Garasha,Stamina,Zacky Wild,Parry,K. Kyanta,Stamina,11,17
6/4/2025,x,5,Jawn,Dr. K,Stamina,Japan Kamen,EX,Natanee,Stamina,15,28
6/4/2025,x,5,Dcint,Masao,Stamina,Chihiro,Demon,K. Kyanta,Stamina,13,28
6/11/2025,x,1,Valentine,Japan Kamen,Stamina,Myusha,Stamina,Masako,EX,9,29
6/11/2025,x,1,Jawn,Dr. K,EX,Rare,Stamina,Kinoko,Super,20,29
6/11/2025,x,2,Squid,Kyanta,Super,Masako,Stamina,Robo Azuma,Stamina,1,4
6/11/2025,x,2,Jawn,Dr. K,EX,Rare,Stamina,Kinoko,Stamina,3,4
6/11/2025,x,3,Squid,Robo Azuma,Stamina,Garasha,EX,Dr. K,EX,0,12
6/11/2025,x,3,Jawn,Dr. K,EX,Rare,Stamina,Kinoko,Stamina,12,12
6/11/2025,x,4,Tension,Cocorn,Parry,Zacky Wild,Super,Blues,EX,2,5
6/11/2025,x,4,Jawn,Dr. K,EX,Rare,Stamina,Kinoko,Stamina,3,5
6/11/2025,x,5,Tension,Cocorn,Parry,Zacky Wild,Super,Buttobi,Stamina,12,16
6/11/2025,x,5,Jawn,Dr. K,EX,Rare,Stamina,Kinoko,Stamina,4,16
6/11/2025,x,6,Poke,Kyanta,Stamina,Taro,Demon,Well Done,Stamina,5,15
6/11/2025,x,6,Cosmic,Buttobi,Speed,M. Michelle,Stamina,Japan Kamen,Speed,10,15
6/11/2025,x,7,Poke,K. Kyanta,Stamina,Taro,Demon,Garasha,Stamina,3,14
6/11/2025,x,7,Cosmic,Azuma,EX,M. Michelle,Stamina,Dr. K,EX,11,14
6/11/2025,x,8,Valentine,Japan Kamen,Speed,Myusha,Stamina,Masako,EX,7,18
6/11/2025,x,8,Cosmic,Buttobi,Stamina,M. Michelle,Stamina,Azuma,EX,11,18